MemePage,Memetitle,MemeUrl
funny,a French ghost,https://i.redd.it/urmwn6ngg4i61.jpg
funny,In a parallel universe,https://i.redd.it/dqkxxznca3h61.jpg
funny,Had us in the first half,https://i.redd.it/b1ehqfl2vvh61.jpg
funny,A short story.,https://i.redd.it/1wppl55lenh61.jpg
funny,My valentine captured me taking a nap...aww,https://i.redd.it/ppjfins3vjh61.jpg
dankmemes,"Dude, I bet I can hold my breath longer than you",https://i.redd.it/doemi8q934h61.jpg
dankmemes,24/7 studying babyyy,https://i.redd.it/njjvy59r5jh61.jpg
dankmemes,Viva la revolution,https://i.redd.it/3xau907z81i61.jpg
dankmemes,More complex =/= better,https://i.redd.it/nyzqdd9dzoh61.jpg
dankmemes,What have I done!?,https://i.redd.it/wn13meychwh61.jpg
memes,Fair enough,https://i.redd.it/4u76zs43h8h61.jpg
memes,We have all been there.,https://i.imgur.com/rAqOZWA.jpg
memes,Skip skip skip,https://i.redd.it/bh4a8tbk42i61.jpg
memes,Imagine if this COVID outbreak happened 10 years ago,https://i.redd.it/ohsp2bgd18i61.jpg
memes,Thinking is hard,https://i.redd.it/ec68bpw0w6h61.jpg
teenagers,They undercover spies,https://i.redd.it/ijd55djhkuh61.jpg
teenagers,my habit,https://i.redd.it/9o35u6876lh61.jpg
teenagers,Cringe 100,https://i.redd.it/7b7nt0zuywh61.jpg
teenagers,This meme doesnâ€™t apply to me personally but I thought you all might relate :),https://i.redd.it/kdnxijd4k1i61.jpg
teenagers,Yâ€™all think Iâ€™m passing my driving test or no?,https://i.redd.it/1juamxbs9qh61.jpg
Chodi,Reality of politics!,https://i.redd.it/4spuqg34p5i61.jpg
Chodi,The BJP we voted for! Source: Watchdog reports,https://i.redd.it/ho7ng179r1h61.jpg
Chodi,meri saudi mai job lagi hai,https://i.redd.it/pdzi70kjyqh61.jpg
Chodi,Real Chad,https://i.redd.it/r5y6odt6w1i61.jpg
Chodi,Look at this little bhakt ðŸ¤©,https://i.redd.it/f245hd5yl0i61.jpg
cursedcomments,Cursed birth control,https://i.redd.it/wphncjvzf1i61.jpg
cursedcomments,Cursed_heelies,https://i.redd.it/khfvf3x4r3i61.jpg
cursedcomments,Cursed_Choice,https://i.redd.it/autekbhq2nh61.jpg
cursedcomments,Cursed_lifesavers,https://i.redd.it/oaa1ywf3fjh61.jpg
cursedcomments,Cursed_Throw,https://i.redd.it/kj3ovc5tj2h61.jpg
holdup,I always wondered what they look like,https://i.redd.it/muzh5qmezsh61.jpg
holdup,I donâ€™t like where this is going,https://i.redd.it/zuugjnjtahh61.jpg
holdup,"there are no mistakes, only kinks",https://i.redd.it/o98gqpa7c4h61.jpg
holdup,So as we all know by eating a gifted child you get a higher iq,https://i.redd.it/k9v1o3cvh6i61.jpg
holdup,Sad,https://i.redd.it/k5vb4uqfqbh61.jpg
SaimanSays/,True hai kya !!,https://i.redd.it/l35s6fxtd6h61.jpg
SaimanSays/,True story for my classmates,https://i.redd.it/x9hhwpy1rjh61.jpg
SaimanSays/,Keep em coming,https://i.redd.it/bip7oz8edrh61.jpg
SaimanSays/,Learn by memes,https://i.redd.it/b1m9jt1x6dh61.jpg
SaimanSays/,Please daddy...,https://i.redd.it/a3789e9ewfh61.jpg
wholesomememes,This is the way,https://i.redd.it/qbcp8wmoc7h61.jpg
wholesomememes,Thanks mom!,https://i.redd.it/5wygur9fp8i61.jpg
wholesomememes,Next level hyped,https://i.redd.it/y9ijegrmzch61.jpg
wholesomememes,I wish my dad was like this..,https://i.redd.it/esgqrlvku4h61.jpg
wholesomememes,Reading Skill Unlocked!,https://i.redd.it/6dzu7manjxh61.jpg
IndianMeyMeys,Everything went wrong,https://i.redd.it/53p3k9ge5mh61.jpg
IndianMeyMeys,(Â¬â€¿Â¬),https://i.redd.it/rdtvndpdcsh61.jpg
IndianMeyMeys,Well I know MP is not that matters but still..,https://i.redd.it/rapayrfeg2h61.jpg
IndianMeyMeys,Let's see who have good eyes,https://i.redd.it/lf7g4l61qyh61.jpg
IndianMeyMeys,[OC] kare to kare kya.,https://i.redd.it/xkpyzk3yb3i61.jpg
indiameme,One of these things is not like the others,https://i.redd.it/axytjp12odh61.jpg
indiameme,It's all bs really!,https://i.redd.it/2fs46vuyh6h61.jpg
indiameme,2 criminals of UP having a convo,https://i.redd.it/456crz21pvh61.jpg
indiameme,Yes sir.....YOU,https://i.redd.it/de19rzeujyh61.jpg
indiameme,Da fuk they doin ova der,https://i.imgur.com/YxKQcLy.jpg
desimemes,happy valentine's day :),https://i.redd.it/i1b5suxcs8h61.jpg
desimemes,(Â¬â€¿Â¬),https://i.redd.it/o63dy099urh61.jpg
desimemes,Bata de bhai,https://i.redd.it/bj6n4ict19i61.jpg
desimemes,Do you know?,https://i.redd.it/e7r5akzk19i61.jpg
desimemes,The truth has been spoken,https://i.redd.it/o5kx7rma29h61.jpg
Tinder,Hmm... she really be doing that huh ðŸ¤”,https://i.redd.it/36npzjtfg6h61.jpg
Tinder,"PSA: girls donâ€™t be afraid to do this, I was having a rough day and as dumb as it sounds this really did make my day.",https://i.redd.it/k1983vsadzh61.jpg
Tinder,Sliiiiiide to the left..,https://i.redd.it/z8h05878n8h61.jpg
Tinder,Guess I'm in inðŸ˜Ž,https://i.redd.it/hpsxnotcllh61.jpg
Tinder,Bit odd ennit,https://i.redd.it/c8bfgosyb9h61.jpg
2meirl4meirl,2meirl4meirl,https://i.redd.it/cdhtva8v7nh61.jpg
2meirl4meirl,2meirl4meirl,https://i.imgur.com/Sy3NfrU.jpg
2meirl4meirl,2meirl4meirl,https://i.redd.it/irlej713rth61.jpg
2meirl4meirl,2meirl4meirl,https://i.redd.it/rqd7gkg7qhh61.jpg
2meirl4meirl,2meirl4meirl,https://i.redd.it/ikozey4bxqh61.jpg
ComedyCemetery,This ones a real knee slapper,https://i.redd.it/x6f4pwq6pvh61.jpg
ComedyCemetery,HAHAHAH guys isn't my english book so fun and quirky,https://i.redd.it/e2xdjwd4j7i61.jpg
ComedyCemetery,Very bad,https://i.redd.it/3svbewry3nh61.jpg
ComedyCemetery,I don't see the funny,https://i.redd.it/nhxc97l0tah61.jpg
ComedyCemetery,This was printed out and hung up in my teachers room. It wasnâ€™t even laminated.,https://i.redd.it/691hqyuhq4h61.jpg
terriblefacebookmemes,terrible memes,https://i.redd.it/wud1fv8hhrh61.jpg
terriblefacebookmemes,Wife bad,https://i.redd.it/2eucpm4itfh61.jpg
terriblefacebookmemes,Just this..,https://i.redd.it/20r4wsn4q5h61.jpg
terriblefacebookmemes,My aunt shared this one,https://i.redd.it/h06jy6qy3ah61.jpg
terriblefacebookmemes,Literally America,https://i.redd.it/0lzqupp07vh61.jpg
